level,exp needed,exp required increase,,x = ,y = ,functoin for increased exp required per level,(level/x)^y,
1,6,6.25,,0.4,2.00,,,
2,11,4.930339887,,0.4,1.50,,,
3,20,8.949544586,,0.4,1.49,,,
4,30,10.06963273,,0.4,1.48,,,
5,41,10.76970501,,0.4,1.47,,,
6,52,11.16143957,,0.4,1.46,,,
7,63,11.31547316,,0.4,1.45,,,
8,75,11.28183661,,0.4,1.44,,,
9,86,11.0984491,,0.4,1.43,,,
10,97,10.79531003,,0.4,1.42,,,
11,107,10.39682816,,0.4,1.41,,,
12,117,9.923236381,,0.4,1.40,,,
13,126,9.39151382,,0.4,1.39,,,
14,135,8.81602225,,0.4,1.38,,,
15,143,8.208966879,,0.4,1.37,,,
16,151,7.580743469,,0.4,1.36,,,
17,158,6.940208696,,0.4,1.35,,,
18,164,6.294896642,,0.4,1.34,,,
19,170,5.651196166,,0.4,1.33,,,
20,175,5.014498999,,0.4,1.32,,,
21,179,4.389325317,,0.4,1.31,,,
22,183,3.779431533,,0.4,1.30,,,
23,194,10.88711002,,0.4,1.30,,,
24,205,11.03008452,,0.4,1.30,,,
25,216,11.16886026,,0.4,1.30,,,
26,227,11.30372473,,0.4,1.30,,,
27,239,11.43493536,,0.4,1.30,,,
28,250,11.56272366,,0.4,1.30,,,
29,262,11.68729867,,0.4,1.30,,,
30,274,11.80884987,,0.4,1.30,,,
31,286,11.92754957,,0.4,1.30,,,
32,298,12.04355498,,0.4,1.30,,,
33,310,12.15701,,0.4,1.30,,,
34,322,12.26804667,,0.4,1.30,,,
35,335,12.3767865,,0.4,1.30,,,
36,347,12.48334157,,0.4,1.30,,,
37,360,12.58781555,,0.4,1.30,,,
38,372,12.69030446,,0.4,1.30,,,
39,385,12.7908975,,0.4,1.30,,,
40,398,12.88967765,,0.4,1.30,,,
41,411,12.98672229,,0.4,1.30,,,
42,424,13.08210366,,0.4,1.30,,,
43,437,13.17588934,,0.4,1.30,,,
44,451,13.26814266,,0.4,1.30,,,
45,464,13.35892304,,0.4,1.30,,,
46,477,13.44828632,,0.4,1.30,,,
47,491,13.53628507,,0.4,1.30,,,
48,505,13.62296881,,0.4,1.30,,,
49,518,13.70838426,,0.4,1.30,,,
50,532,13.79257558,,0.4,1.30,,,
51,546,13.87558451,,0.4,1.30,,,
52,560,13.9574506,,0.4,1.30,,,
53,574,14.03821133,,0.4,1.30,,,
54,588,14.11790225,,0.4,1.30,,,
55,602,14.19655714,,0.4,1.30,,,
56,617,14.27420813,,0.4,1.30,,,
57,631,14.35088577,,0.4,1.30,,,
58,645,14.42661917,,0.4,1.30,,,
59,660,14.50143609,,0.4,1.30,,,
60,674,14.57536301,,0.4,1.30,,,
61,689,14.6484252,,0.4,1.30,,,
62,704,14.72064683,,0.4,1.30,,,
63,719,14.79205101,,0.4,1.30,,,
64,733,14.86265986,,0.4,1.30,,,
65,748,14.93249454,,0.4,1.30,,,
66,763,15.00157535,,0.4,1.30,,,
67,778,15.06992177,,0.4,1.30,,,
68,794,15.13755247,,0.4,1.30,,,
69,809,15.20448537,,0.4,1.30,,,
70,824,15.27073773,,0.4,1.30,,,
71,839,15.33632609,,0.4,1.30,,,
72,855,15.40126639,,0.4,1.30,,,
73,870,15.46557397,,0.4,1.30,,,
74,886,15.5292636,,0.4,1.30,,,
75,901,15.5923495,,0.4,1.30,,,
76,917,15.65484538,,0.4,1.30,,,
77,933,15.71676447,,0.4,1.30,,,
78,949,15.77811952,,0.4,1.30,,,
79,964,15.83892287,,0.4,1.30,,,
80,980,15.8991864,,0.4,1.30,,,
81,996,15.9589216,,0.4,1.30,,,
82,1012,16.01813959,,0.4,1.30,,,
83,1028,16.07685111,,0.4,1.30,,,
84,1044,16.13506656,,0.4,1.30,,,
85,1061,16.19279598,,0.4,1.30,,,
86,1077,16.25004912,,0.4,1.30,,,
87,1093,16.30683542,,0.4,1.30,,,
88,1110,16.363164,,0.4,1.30,,,
89,1126,16.41904373,,0.4,1.30,,,
90,1142,16.4744832,,0.4,1.30,,,
91,1159,16.52949073,,0.4,1.30,,,
92,1176,16.58407442,,0.4,1.30,,,
93,1192,16.6382421,,0.4,1.30,,,
94,1209,16.69200139,,0.4,1.30,,,
95,1226,16.74535969,,0.4,1.30,,,
96,1242,16.79832419,,0.4,1.30,,,
97,1259,16.85090187,,0.4,1.30,,,
98,1276,16.90309952,,0.4,1.30,,,
99,1293,16.95492375,,0.4,1.30,,,
100,1310,17.00638098,,0.4,1.30,,,
101,1327,17.05747745,,0.4,1.30,,,
102,1344,17.10821925,,0.4,1.30,,,
103,1361,17.1586123,,0.4,1.30,,,
104,1379,17.20866236,,0.4,1.30,,,
105,1396,17.25837505,,0.4,1.30,,,
106,1413,17.30775584,,0.4,1.30,,,
107,1431,17.35681006,,0.4,1.30,,,
108,1448,17.4055429,,0.4,1.30,,,
109,1465,17.45395943,,0.4,1.30,,,
110,1483,17.5020646,,0.4,1.30,,,
111,1501,17.54986321,,0.4,1.30,,,
112,1518,17.59735997,,0.4,1.30,,,
113,1536,17.64455948,,0.4,1.30,,,
114,1553,17.6914662,,0.4,1.30,,,
115,1571,17.73808451,,0.4,1.30,,,
116,1589,17.78441868,,0.4,1.30,,,
117,1607,17.83047288,,0.4,1.30,,,
118,1625,17.87625118,,0.4,1.30,,,
119,1643,17.92175756,,0.4,1.30,,,
120,1661,17.96699591,,0.4,1.30,,,
121,1679,18.01197004,,0.4,1.30,,,
122,1697,18.05668366,,0.4,1.30,,,
123,1715,18.1011404,,0.4,1.30,,,
124,1733,18.14534382,,0.4,1.30,,,
125,1751,18.1892974,,0.4,1.30,,,
126,1769,18.23300454,,0.4,1.30,,,
127,1788,18.27646856,,0.4,1.30,,,
128,1806,18.31969274,,0.4,1.30,,,
129,1824,18.36268024,,0.4,1.30,,,
130,1843,18.40543421,,0.4,1.30,,,
131,1861,18.44795769,,0.4,1.30,,,
132,1880,18.49025368,,0.4,1.30,,,
133,1898,18.53232512,,0.4,1.30,,,
134,1917,18.57417487,,0.4,1.30,,,
135,1935,18.61580576,,0.4,1.30,,,
136,1954,18.65722054,,0.4,1.30,,,
137,1973,18.69842191,,0.4,1.30,,,
138,1991,18.73941254,,0.4,1.30,,,
139,2010,18.78019501,,0.4,1.30,,,
140,2029,18.82077187,,0.4,1.30,,,
141,2048,18.86114563,,0.4,1.30,,,
142,2067,18.90131874,,0.4,1.30,,,
143,2086,18.94129359,,0.4,1.30,,,
144,2105,18.98107256,,0.4,1.30,,,
145,2124,19.02065795,,0.4,1.30,,,
146,2143,19.06005204,,0.4,1.30,,,
147,2162,19.09925706,,0.4,1.30,,,
148,2181,19.13827519,,0.4,1.30,,,
149,2200,19.17710859,,0.4,1.30,,,
150,2219,19.21575936,,0.4,1.30,,,
151,2239,19.25422958,,0.4,1.30,,,
152,2258,19.29252128,,0.4,1.30,,,
153,2277,19.33063646,,0.4,1.30,,,
154,2297,19.36857708,,0.4,1.30,,,
155,2316,19.40634507,,0.4,1.30,,,
156,2336,19.44394234,,0.4,1.30,,,
157,2355,19.48137073,,0.4,1.30,,,
158,2375,19.51863208,,0.4,1.30,,,
159,2394,19.55572819,,0.4,1.30,,,
160,2414,19.59266083,,0.4,1.30,,,
161,2433,19.62943173,,0.4,1.30,,,
162,2453,19.66604261,,0.4,1.30,,,
163,2473,19.70249515,,0.4,1.30,,,
164,2492,19.738791,,0.4,1.30,,,
165,2512,19.77493178,,0.4,1.30,,,
166,2532,19.81091909,,0.4,1.30,,,
167,2552,19.84675451,,0.4,1.30,,,
168,2572,19.88243959,,0.4,1.30,,,
169,2592,19.91797584,,0.4,1.30,,,
170,2612,19.95336477,,0.4,1.30,,,
171,2632,19.98860785,,0.4,1.30,,,
172,2652,20.02370654,,0.4,1.30,,,
173,2672,20.05866225,,0.4,1.30,,,
174,2692,20.0934764,,0.4,1.30,,,
175,2712,20.12815037,,0.4,1.30,,,
176,2732,20.16268552,,0.4,1.30,,,
177,2752,20.1970832,,0.4,1.30,,,
178,2772,20.23134473,,0.4,1.30,,,
179,2793,20.2654714,,0.4,1.30,,,
180,2813,20.29946451,,0.4,1.30,,,
181,2833,20.3333253,,0.4,1.30,,,
182,2854,20.36705504,,0.4,1.30,,,
183,2874,20.40065494,,0.4,1.30,,,
184,2895,20.4341262,,0.4,1.30,,,
185,2915,20.46747003,,0.4,1.30,,,
186,2936,20.50068758,,0.4,1.30,,,
187,2956,20.53378002,,0.4,1.30,,,
188,2977,20.56674849,,0.4,1.30,,,
189,2997,20.5995941,,0.4,1.30,,,
190,3018,20.63231796,,0.4,1.30,,,
191,3039,20.66492117,,0.4,1.30,,,
192,3059,20.69740479,,0.4,1.30,,,
193,3080,20.72976989,,0.4,1.30,,,
194,3101,20.76201751,,0.4,1.30,,,
195,3122,20.79414868,,0.4,1.30,,,
196,3142,20.82616442,,0.4,1.30,,,
197,3163,20.85806572,,0.4,1.30,,,
198,3184,20.88985359,,0.4,1.30,,,
199,3205,20.92152899,,0.4,1.30,,,
200,3226,20.95309288,,0.4,1.30,,,
201,3247,20.98454621,,0.4,1.30,,,
202,3268,21.01588993,,0.4,1.30,,,
203,3289,21.04712494,,0.4,1.30,,,
204,3310,21.07825217,,0.4,1.30,,,
205,3331,21.10927251,,0.4,1.30,,,
206,3352,21.14018685,,0.4,1.30,,,
207,3374,21.17099606,,0.4,1.30,,,
208,3395,21.20170101,,0.4,1.30,,,
209,3416,21.23230255,,0.4,1.30,,,
210,3437,21.26280152,,0.4,1.30,,,
211,3459,21.29319875,,0.4,1.30,,,
212,3480,21.32349507,,0.4,1.30,,,
213,3501,21.35369129,,0.4,1.30,,,
214,3523,21.38378819,,0.4,1.30,,,
215,3544,21.41378658,,0.4,1.30,,,
216,3565,21.44368723,,0.4,1.30,,,
217,3587,21.47349091,,0.4,1.30,,,
218,3608,21.50319838,,0.4,1.30,,,
219,3630,21.5328104,,0.4,1.30,,,
220,3652,21.5623277,,0.4,1.30,,,
221,3673,21.59175102,,0.4,1.30,,,
222,3695,21.62108107,,0.4,1.30,,,
223,3716,21.65031859,,0.4,1.30,,,
224,3738,21.67946426,,0.4,1.30,,,
225,3760,21.70851879,,0.4,1.30,,,
226,3781,21.73748287,,0.4,1.30,,,
227,3803,21.76635717,,0.4,1.30,,,
228,3825,21.79514238,,0.4,1.30,,,
229,3847,21.82383915,,0.4,1.30,,,
230,3869,21.85244815,,0.4,1.30,,,
231,3891,21.88097001,,0.4,1.30,,,
232,3913,21.90940539,,0.4,1.30,,,
233,3934,21.93775492,,0.4,1.30,,,
234,3956,21.96601922,,0.4,1.30,,,
235,3978,21.99419892,,0.4,1.30,,,
236,4000,22.02229462,,0.4,1.30,,,
237,4022,22.05030694,,0.4,1.30,,,
238,4045,22.07823646,,0.4,1.30,,,
239,4067,22.10608379,,0.4,1.30,,,
240,4089,22.1338495,,0.4,1.30,,,
241,4111,22.16153418,,0.4,1.30,,,
242,4133,22.1891384,,0.4,1.30,,,
243,4155,22.21666272,,0.4,1.30,,,
244,4178,22.2441077,,0.4,1.30,,,
245,4200,22.2714739,,0.4,1.30,,,
246,4222,22.29876186,,0.4,1.30,,,
247,4245,22.32597212,,0.4,1.30,,,
248,4267,22.35310523,,0.4,1.30,,,
249,4289,22.3801617,,0.4,1.30,,,
250,4312,22.40714206,,0.4,1.30,,,
251,4334,22.43404683,,0.4,1.30,,,
252,4357,22.46087652,,0.4,1.30,,,
253,4379,22.48763164,,0.4,1.30,,,
254,4402,22.51431269,,0.4,1.30,,,
255,4424,22.54092017,,0.4,1.30,,,
256,4447,22.56745456,,0.4,1.30,,,
257,4469,22.59391636,,0.4,1.30,,,
258,4492,22.62030603,,0.4,1.30,,,
259,4515,22.64662407,,0.4,1.30,,,
260,4537,22.67287093,,0.4,1.30,,,
261,4560,22.69904709,,0.4,1.30,,,
262,4583,22.72515301,,0.4,1.30,,,
263,4605,22.75118913,,0.4,1.30,,,
264,4628,22.77715592,,0.4,1.30,,,
265,4651,22.80305381,,0.4,1.30,,,
266,4674,22.82888326,,0.4,1.30,,,
267,4697,22.8546447,,0.4,1.30,,,
268,4720,22.88033856,,0.4,1.30,,,
269,4742,22.90596527,,0.4,1.30,,,
270,4765,22.93152525,,0.4,1.30,,,
271,4788,22.95701894,,0.4,1.30,,,
272,4811,22.98244673,,0.4,1.30,,,
273,4834,23.00780905,,0.4,1.30,,,
274,4857,23.0331063,,0.4,1.30,,,
275,4880,23.05833889,,0.4,1.30,,,
276,4903,23.08350722,,0.4,1.30,,,
277,4927,23.10861167,,0.4,1.30,,,
278,4950,23.13365265,,0.4,1.30,,,
279,4973,23.15863055,,0.4,1.30,,,
280,4996,23.18354574,,0.4,1.30,,,
281,5019,23.20839861,,0.4,1.30,,,
282,5042,23.23318953,,0.4,1.30,,,
283,5066,23.25791889,,0.4,1.30,,,
284,5089,23.28258704,,0.4,1.30,,,
285,5112,23.30719436,,0.4,1.30,,,
286,5136,23.33174121,,0.4,1.30,,,
287,5159,23.35622795,,0.4,1.30,,,
288,5182,23.38065493,,0.4,1.30,,,
289,5206,23.40502251,,0.4,1.30,,,
290,5229,23.42933104,,0.4,1.30,,,
291,5253,23.45358086,,0.4,1.30,,,
292,5276,23.47777232,,0.4,1.30,,,
293,5300,23.50190575,,0.4,1.30,,,
294,5323,23.5259815,,0.4,1.30,,,
295,5347,23.54999989,,0.4,1.30,,,
296,5370,23.57396127,,0.4,1.30,,,
297,5394,23.59786595,,0.4,1.30,,,
298,5418,23.62171425,,0.4,1.30,,,
299,5441,23.64550652,,0.4,1.30,,,
300,5465,23.66924305,,0.4,1.30,,,
301,5489,23.69292417,,0.4,1.30,,,
302,5512,23.71655019,,0.4,1.30,,,
303,5536,23.74012141,,0.4,1.30,,,
304,5560,23.76363816,,0.4,1.30,,,
305,5584,23.78710073,,0.4,1.30,,,
306,5607,23.81050943,,0.4,1.30,,,
307,5631,23.83386454,,0.4,1.30,,,
308,5655,23.85716638,,0.4,1.30,,,
309,5679,23.88041524,,0.4,1.30,,,
310,5703,23.9036114,,0.4,1.30,,,
311,5727,23.92675516,,0.4,1.30,,,
312,5751,23.9498468,,0.4,1.30,,,
313,5775,23.97288661,,0.4,1.30,,,
314,5799,23.99587486,,0.4,1.30,,,
315,5823,24.01881185,,0.4,1.30,,,
316,5847,24.04169784,,0.4,1.30,,,
317,5871,24.0645331,,0.4,1.30,,,
318,5895,24.08731792,,0.4,1.30,,,
319,5919,24.11005256,,0.4,1.30,,,
320,5943,24.13273729,,0.4,1.30,,,
321,5967,24.15537237,,0.4,1.30,,,
322,5991,24.17795807,,0.4,1.30,,,
323,6016,24.20049464,,0.4,1.30,,,
324,6040,24.22298235,,0.4,1.30,,,
325,6064,24.24542146,,0.4,1.30,,,
326,6088,24.26781221,,0.4,1.30,,,
327,6113,24.29015486,,0.4,1.30,,,
328,6137,24.31244966,,0.4,1.30,,,
329,6161,24.33469686,,0.4,1.30,,,
330,6186,24.3568967,,0.4,1.30,,,
331,6210,24.37904943,,0.4,1.30,,,
332,6234,24.40115529,,0.4,1.30,,,
333,6259,24.42321452,,0.4,1.30,,,
334,6283,24.44522736,,0.4,1.30,,,
335,6308,24.46719404,,0.4,1.30,,,
336,6332,24.4891148,,0.4,1.30,,,
337,6357,24.51098988,,0.4,1.30,,,
338,6381,24.53281949,,0.4,1.30,,,
339,6406,24.55460388,,0.4,1.30,,,
340,6430,24.57634326,,0.4,1.30,,,
341,6455,24.59803786,,0.4,1.30,,,
342,6480,24.61968791,,0.4,1.30,,,
343,6504,24.64129363,,0.4,1.30,,,
344,6529,24.66285524,,0.4,1.30,,,
345,6554,24.68437295,,0.4,1.30,,,
346,6578,24.70584698,,0.4,1.30,,,
347,6603,24.72727755,,0.4,1.30,,,
348,6628,24.74866487,,0.4,1.30,,,
349,6653,24.77000915,,0.4,1.30,,,
350,6677,24.7913106,,0.4,1.30,,,
351,6702,24.81256943,,0.4,1.30,,,
352,6727,24.83378584,,0.4,1.30,,,
353,6752,24.85496005,,0.4,1.30,,,
354,6777,24.87609225,,0.4,1.30,,,
355,6802,24.89718264,,0.4,1.30,,,
356,6827,24.91823143,,0.4,1.30,,,
357,6852,24.93923881,,0.4,1.30,,,
358,6877,24.96020499,,0.4,1.30,,,
359,6902,24.98113015,,0.4,1.30,,,
360,6927,25.00201449,,0.4,1.30,,,
361,6952,25.02285821,,0.4,1.30,,,
362,6977,25.0436615,,0.4,1.30,,,
363,7002,25.06442454,,0.4,1.30,,,
364,7027,25.08514752,,0.4,1.30,,,
365,7052,25.10583064,,0.4,1.30,,,
366,7077,25.12647407,,0.4,1.30,,,
367,7102,25.14707801,,0.4,1.30,,,
368,7127,25.16764263,,0.4,1.30,,,
369,7152,25.18816811,,0.4,1.30,,,
370,7178,25.20865465,,0.4,1.30,,,
371,7203,25.22910241,,0.4,1.30,,,
372,7228,25.24951157,,0.4,1.30,,,
373,7253,25.26988231,,0.4,1.30,,,
374,7279,25.29021481,,0.4,1.30,,,
375,7304,25.31050924,,0.4,1.30,,,
376,7329,25.33076577,,0.4,1.30,,,
377,7355,25.35098457,,0.4,1.30,,,
378,7380,25.37116582,,0.4,1.30,,,
379,7405,25.39130967,,0.4,1.30,,,
380,7431,25.41141631,,0.4,1.30,,,
381,7456,25.4314859,,0.4,1.30,,,
382,7482,25.4515186,,0.4,1.30,,,
383,7507,25.47151457,,0.4,1.30,,,
384,7533,25.49147398,,0.4,1.30,,,
385,7558,25.511397,,0.4,1.30,,,
386,7584,25.53128377,,0.4,1.30,,,
387,7609,25.55113447,,0.4,1.30,,,
388,7635,25.57094925,,0.4,1.30,,,
389,7660,25.59072827,,0.4,1.30,,,
390,7686,25.61047168,,0.4,1.30,,,
391,7712,25.63017964,,0.4,1.30,,,
392,7737,25.6498523,,0.4,1.30,,,
393,7763,25.66948982,,0.4,1.30,,,
394,7789,25.68909235,,0.4,1.30,,,
395,7814,25.70866004,,0.4,1.30,,,
396,7840,25.72819304,,0.4,1.30,,,
397,7866,25.7476915,,0.4,1.30,,,
398,7892,25.76715556,,0.4,1.30,,,
399,7917,25.78658538,,0.4,1.30,,,
400,7943,25.8059811,,0.4,1.30,,,
401,7969,25.82534286,,0.4,1.30,,,
402,7995,25.84467081,,0.4,1.30,,,
403,8021,25.8639651,,0.4,1.30,,,
404,8047,25.88322585,,0.4,1.30,,,
405,8073,25.90245323,,0.4,1.30,,,
406,8099,25.92164735,,0.4,1.30,,,
407,8124,25.94080837,,0.4,1.30,,,
408,8150,25.95993643,,0.4,1.30,,,
409,8176,25.97903165,,0.4,1.30,,,
410,8202,25.99809418,,0.4,1.30,,,
411,8228,26.01712416,,0.4,1.30,,,
412,8254,26.03612171,,0.4,1.30,,,
413,8281,26.05508697,,0.4,1.30,,,
414,8307,26.07402007,,0.4,1.30,,,
415,8333,26.09292115,,0.4,1.30,,,
416,8359,26.11179034,,0.4,1.30,,,
417,8385,26.13062777,,0.4,1.30,,,
418,8411,26.14943356,,0.4,1.30,,,
419,8437,26.16820785,,0.4,1.30,,,
420,8463,26.18695076,,0.4,1.30,,,
421,8490,26.20566242,,0.4,1.30,,,
422,8516,26.22434296,,0.4,1.30,,,
423,8542,26.2429925,,0.4,1.30,,,
424,8568,26.26161117,,0.4,1.30,,,
425,8595,26.28019908,,0.4,1.30,,,
426,8621,26.29875638,,0.4,1.30,,,
427,8647,26.31728316,,0.4,1.30,,,
428,8674,26.33577957,,0.4,1.30,,,
429,8700,26.35424571,,0.4,1.30,,,
430,8726,26.37268172,,0.4,1.30,,,
431,8753,26.3910877,,0.4,1.30,,,
432,8779,26.40946377,,0.4,1.30,,,
433,8806,26.42781006,,0.4,1.30,,,
434,8832,26.44612668,,0.4,1.30,,,
435,8858,26.46441374,,0.4,1.30,,,
436,8885,26.48267137,,0.4,1.30,,,
437,8911,26.50089968,,0.4,1.30,,,
438,8938,26.51909878,,0.4,1.30,,,
439,8964,26.53726878,,0.4,1.30,,,
440,8991,26.5554098,,0.4,1.30,,,
441,9018,26.57352194,,0.4,1.30,,,
442,9044,26.59160533,,0.4,1.30,,,
443,9071,26.60966007,,0.4,1.30,,,
444,9097,26.62768628,,0.4,1.30,,,
445,9124,26.64568405,,0.4,1.30,,,
446,9151,26.6636535,,0.4,1.30,,,
447,9177,26.68159474,,0.4,1.30,,,
448,9204,26.69950787,,0.4,1.30,,,
449,9231,26.71739301,,0.4,1.30,,,
450,9258,26.73525025,,0.4,1.30,,,
451,9284,26.75307971,,0.4,1.30,,,
452,9311,26.77088148,,0.4,1.30,,,
453,9338,26.78865567,,0.4,1.30,,,
454,9365,26.80640239,,0.4,1.30,,,
455,9392,26.82412174,,0.4,1.30,,,
456,9418,26.84181382,,0.4,1.30,,,
457,9445,26.85947873,,0.4,1.30,,,
458,9472,26.87711657,,0.4,1.30,,,
459,9499,26.89472745,,0.4,1.30,,,
460,9526,26.91231146,,0.4,1.30,,,
461,9553,26.9298687,,0.4,1.30,,,
462,9580,26.94739928,,0.4,1.30,,,
463,9607,26.96490328,,0.4,1.30,,,
464,9634,26.98238082,,0.4,1.30,,,
465,9661,26.99983197,,0.4,1.30,,,
466,9688,27.01725685,,0.4,1.30,,,
467,9715,27.03465555,,0.4,1.30,,,
468,9742,27.05202816,,0.4,1.30,,,
469,9769,27.06937477,,0.4,1.30,,,
470,9796,27.08669548,,0.4,1.30,,,
471,9823,27.10399039,,0.4,1.30,,,
472,9850,27.12125959,,0.4,1.30,,,
473,9877,27.13850317,,0.4,1.30,,,
474,9905,27.15572122,,0.4,1.30,,,
475,9932,27.17291384,,0.4,1.30,,,
476,9959,27.19008111,,0.4,1.30,,,
477,9986,27.20722313,,0.4,1.30,,,
478,10013,27.22433998,,0.4,1.30,,,
479,10041,27.24143176,,0.4,1.30,,,
480,10068,27.25849856,,0.4,1.30,,,
481,10095,27.27554045,,0.4,1.30,,,
482,10122,27.29255754,,0.4,1.30,,,
483,10150,27.30954991,,0.4,1.30,,,
484,10177,27.32651764,,0.4,1.30,,,
485,10204,27.34346083,,0.4,1.30,,,
486,10232,27.36037955,,0.4,1.30,,,
487,10259,27.3772739,,0.4,1.30,,,
488,10287,27.39414395,,0.4,1.30,,,
489,10314,27.4109898,,0.4,1.30,,,
490,10341,27.42781153,,0.4,1.30,,,
491,10369,27.44460922,,0.4,1.30,,,
492,10396,27.46138295,,0.4,1.30,,,
493,10424,27.47813282,,0.4,1.30,,,
494,10451,27.49485889,,0.4,1.30,,,
495,10479,27.51156125,,0.4,1.30,,,
496,10506,27.52823999,,0.4,1.30,,,
497,10534,27.54489518,,0.4,1.30,,,
498,10561,27.5615269,,0.4,1.30,,,
499,10589,27.57813525,,0.4,1.30,,,
500,10617,27.59472028,,0.4,1.30,,,
501,10644,27.61128209,,0.4,1.30,,,
502,10672,27.62782075,,0.4,1.30,,,
503,10699,27.64433635,,0.4,1.30,,,
504,10727,27.66082895,,0.4,1.30,,,
505,10755,27.67729864,,0.4,1.30,,,
506,10782,27.69374549,,0.4,1.30,,,
507,10810,27.71016959,,0.4,1.30,,,
508,10838,27.726571,,0.4,1.30,,,
509,10866,27.7429498,,0.4,1.30,,,
510,10893,27.75930607,,0.4,1.30,,,
511,10921,27.77563989,,0.4,1.30,,,
512,10949,27.79195132,,0.4,1.30,,,
513,10977,27.80824045,,0.4,1.30,,,
514,11005,27.82450735,,0.4,1.30,,,
515,11032,27.84075208,,0.4,1.30,,,
516,11060,27.85697473,,0.4,1.30,,,
517,11088,27.87317536,,0.4,1.30,,,
518,11116,27.88935405,,0.4,1.30,,,
519,11144,27.90551087,,0.4,1.30,,,
520,11172,27.9216459,,0.4,1.30,,,
521,11200,27.9377592,,0.4,1.30,,,
522,11228,27.95385084,,0.4,1.30,,,
523,11256,27.9699209,,0.4,1.30,,,
524,11284,27.98596944,,0.4,1.30,,,
525,11312,28.00199653,,0.4,1.30,,,
526,11340,28.01800226,,0.4,1.30,,,
527,11368,28.03398667,,0.4,1.30,,,
528,11396,28.04994985,,0.4,1.30,,,
529,11424,28.06589186,,0.4,1.30,,,
530,11452,28.08181276,,0.4,1.30,,,
531,11480,28.09771264,,0.4,1.30,,,
532,11508,28.11359154,,0.4,1.30,,,
533,11536,28.12944955,,0.4,1.30,,,
534,11564,28.14528673,,0.4,1.30,,,
535,11593,28.16110314,,0.4,1.30,,,
536,11621,28.17689885,,0.4,1.30,,,
537,11649,28.19267392,,0.4,1.30,,,
538,11677,28.20842843,,0.4,1.30,,,
539,11705,28.22416243,,0.4,1.30,,,
540,11734,28.23987599,,0.4,1.30,,,
541,11762,28.25556917,,0.4,1.30,,,
542,11790,28.27124205,,0.4,1.30,,,
543,11818,28.28689468,,0.4,1.30,,,
544,11847,28.30252712,,0.4,1.30,,,
545,11875,28.31813944,,0.4,1.30,,,
546,11903,28.33373171,,0.4,1.30,,,
547,11932,28.34930398,,0.4,1.30,,,
548,11960,28.36485632,,0.4,1.30,,,
549,11989,28.38038878,,0.4,1.30,,,
550,12017,28.39590143,,0.4,1.30,,,
551,12045,28.41139434,,0.4,1.30,,,
552,12074,28.42686756,,0.4,1.30,,,
553,12102,28.44232115,,0.4,1.30,,,
554,12131,28.45775517,,0.4,1.30,,,
555,12159,28.47316969,,0.4,1.30,,,
556,12188,28.48856476,,0.4,1.30,,,
557,12216,28.50394044,,0.4,1.30,,,
558,12245,28.5192968,,0.4,1.30,,,
559,12273,28.53463388,,0.4,1.30,,,
560,12302,28.54995176,,0.4,1.30,,,
561,12330,28.56525048,,0.4,1.30,,,
562,12359,28.5805301,,0.4,1.30,,,
563,12387,28.59579069,,0.4,1.30,,,
564,12416,28.61103231,,0.4,1.30,,,
565,12445,28.62625499,,0.4,1.30,,,
566,12473,28.64145882,,0.4,1.30,,,
567,12502,28.65664383,,0.4,1.30,,,
568,12531,28.6718101,,0.4,1.30,,,
569,12559,28.68695767,,0.4,1.30,,,
570,12588,28.7020866,,0.4,1.30,,,
571,12617,28.71719694,,0.4,1.30,,,
572,12646,28.73228875,,0.4,1.30,,,
573,12674,28.7473621,,0.4,1.30,,,
574,12703,28.76241702,,0.4,1.30,,,
575,12732,28.77745358,,0.4,1.30,,,
576,12761,28.79247182,,0.4,1.30,,,
577,12789,28.80747181,,0.4,1.30,,,
578,12818,28.8224536,,0.4,1.30,,,
579,12847,28.83741724,,0.4,1.30,,,
580,12876,28.85236279,,0.4,1.30,,,
581,12905,28.86729029,,0.4,1.30,,,
582,12934,28.8821998,,0.4,1.30,,,
583,12963,28.89709138,,0.4,1.30,,,
584,12991,28.91196507,,0.4,1.30,,,
585,13020,28.92682093,,0.4,1.30,,,
586,13049,28.94165901,,0.4,1.30,,,
587,13078,28.95647936,,0.4,1.30,,,
588,13107,28.97128203,,0.4,1.30,,,
589,13136,28.98606707,,0.4,1.30,,,
590,13165,29.00083454,,0.4,1.30,,,
591,13194,29.01558448,,0.4,1.30,,,
592,13223,29.03031695,,0.4,1.30,,,
593,13252,29.04503199,,0.4,1.30,,,
594,13281,29.05972966,,0.4,1.30,,,
595,13310,29.07441,,0.4,1.30,,,
596,13340,29.08907307,,0.4,1.30,,,
597,13369,29.10371891,,0.4,1.30,,,
598,13398,29.11834758,,0.4,1.30,,,
599,13427,29.13295912,,0.4,1.30,,,
600,13456,29.14755358,,0.4,1.30,,,
601,13485,29.162131,,0.4,1.30,,,
602,13514,29.17669145,,0.4,1.30,,,
603,13544,29.19123495,,0.4,1.30,,,
604,13573,29.20576158,,0.4,1.30,,,
605,13602,29.22027136,,0.4,1.30,,,
606,13631,29.23476435,,0.4,1.30,,,
607,13661,29.24924059,,0.4,1.30,,,
608,13690,29.26370014,,0.4,1.30,,,
609,13719,29.27814303,,0.4,1.30,,,
610,13748,29.29256932,,0.4,1.30,,,
611,13778,29.30697905,,0.4,1.30,,,
612,13807,29.32137227,,0.4,1.30,,,
613,13836,29.33574902,,0.4,1.30,,,
614,13866,29.35010935,,0.4,1.30,,,
615,13895,29.3644533,,0.4,1.30,,,
616,13924,29.37878092,,0.4,1.30,,,
617,13954,29.39309226,,0.4,1.30,,,
618,13983,29.40738736,,0.4,1.30,,,
619,14013,29.42166626,,0.4,1.30,,,
620,14042,29.43592901,,0.4,1.30,,,
621,14072,29.45017565,,0.4,1.30,,,
622,14101,29.46440623,,0.4,1.30,,,
623,14130,29.4786208,,0.4,1.30,,,
624,14160,29.49281938,,0.4,1.30,,,
625,14189,29.50700204,,0.4,1.30,,,
626,14219,29.5211688,,0.4,1.30,,,
627,14249,29.53531972,,0.4,1.30,,,
628,14278,29.54945484,,0.4,1.30,,,
629,14308,29.5635742,,0.4,1.30,,,
630,14337,29.57767784,,0.4,1.30,,,
631,14367,29.59176581,,0.4,1.30,,,
632,14396,29.60583814,,0.4,1.30,,,
633,14426,29.61989489,,0.4,1.30,,,
634,14456,29.63393609,,0.4,1.30,,,
635,14485,29.64796178,,0.4,1.30,,,
636,14515,29.661972,,0.4,1.30,,,
637,14545,29.6759668,,0.4,1.30,,,
638,14574,29.68994622,,0.4,1.30,,,
639,14604,29.7039103,,0.4,1.30,,,
640,14634,29.71785908,,0.4,1.30,,,
641,14663,29.73179259,,0.4,1.30,,,
642,14693,29.74571089,,0.4,1.30,,,
643,14723,29.75961401,,0.4,1.30,,,
644,14753,29.77350199,,0.4,1.30,,,
645,14783,29.78737487,,0.4,1.30,,,
646,14812,29.80123269,,0.4,1.30,,,
647,14842,29.81507549,,0.4,1.30,,,
648,14872,29.82890331,,0.4,1.30,,,
649,14902,29.84271619,,0.4,1.30,,,
650,14932,29.85651416,,0.4,1.30,,,
651,14962,29.87029728,,0.4,1.30,,,
652,14991,29.88406557,,0.4,1.30,,,
653,15021,29.89781908,,0.4,1.30,,,
654,15051,29.91155783,,0.4,1.30,,,
655,15081,29.92528188,,0.4,1.30,,,
656,15111,29.93899126,,0.4,1.30,,,
657,15141,29.95268601,,0.4,1.30,,,
658,15171,29.96636616,,0.4,1.30,,,
659,15201,29.98003176,,0.4,1.30,,,
660,15231,29.99368284,,0.4,1.30,,,
661,15261,30.00731943,,0.4,1.30,,,
662,15291,30.02094159,,0.4,1.30,,,
663,15321,30.03454933,,0.4,1.30,,,
664,15351,30.0481427,,0.4,1.30,,,
665,15381,30.06172174,,0.4,1.30,,,
666,15411,30.07528648,,0.4,1.30,,,
667,15441,30.08883697,,0.4,1.30,,,
668,15471,30.10237323,,0.4,1.30,,,
669,15502,30.1158953,,0.4,1.30,,,
670,15532,30.12940321,,0.4,1.30,,,
671,15562,30.14289702,,0.4,1.30,,,
672,15592,30.15637674,,0.4,1.30,,,
673,15622,30.16984242,,0.4,1.30,,,
674,15652,30.18329409,,0.4,1.30,,,
675,15683,30.19673178,,0.4,1.30,,,
676,15713,30.21015554,,0.4,1.30,,,
677,15743,30.22356539,,0.4,1.30,,,
678,15773,30.23696138,,0.4,1.30,,,
679,15803,30.25034353,,0.4,1.30,,,
680,15834,30.26371188,,0.4,1.30,,,
681,15864,30.27706647,,0.4,1.30,,,
682,15894,30.29040732,,0.4,1.30,,,
683,15925,30.30373448,,0.4,1.30,,,
684,15955,30.31704798,,0.4,1.30,,,
685,15985,30.33034786,,0.4,1.30,,,
686,16016,30.34363413,,0.4,1.30,,,
687,16046,30.35690685,,0.4,1.30,,,
688,16076,30.37016604,,0.4,1.30,,,
689,16107,30.38341174,,0.4,1.30,,,
690,16137,30.39664397,,0.4,1.30,,,
691,16168,30.40986278,,0.4,1.30,,,
692,16198,30.4230682,,0.4,1.30,,,
693,16228,30.43626025,,0.4,1.30,,,
694,16259,30.44943898,,0.4,1.30,,,
695,16289,30.46260441,,0.4,1.30,,,
696,16320,30.47575658,,0.4,1.30,,,
697,16350,30.48889551,,0.4,1.30,,,
698,16381,30.50202125,,0.4,1.30,,,
699,16411,30.51513383,,0.4,1.30,,,
700,16442,30.52823326,,0.4,1.30,,,
701,16472,30.5413196,,0.4,1.30,,,
702,16503,30.55439287,,0.4,1.30,,,
703,16533,30.56745309,,0.4,1.30,,,
704,16564,30.58050031,,0.4,1.30,,,
705,16595,30.59353456,,0.4,1.30,,,
706,16625,30.60655586,,0.4,1.30,,,
707,16656,30.61956424,,0.4,1.30,,,
708,16686,30.63255975,,0.4,1.30,,,
709,16717,30.6455424,,0.4,1.30,,,
710,16748,30.65851223,,0.4,1.30,,,
711,16778,30.67146927,,0.4,1.30,,,
712,16809,30.68441356,,0.4,1.30,,,
713,16840,30.69734511,,0.4,1.30,,,
714,16871,30.71026396,,0.4,1.30,,,
715,16901,30.72317015,,0.4,1.30,,,
716,16932,30.7360637,,0.4,1.30,,,
717,16963,30.74894464,,0.4,1.30,,,
718,16994,30.761813,,0.4,1.30,,,
719,17024,30.77466882,,0.4,1.30,,,
720,17055,30.78751211,,0.4,1.30,,,
721,17086,30.80034292,,0.4,1.30,,,
722,17117,30.81316127,,0.4,1.30,,,
723,17148,30.82596718,,0.4,1.30,,,
724,17178,30.8387607,,0.4,1.30,,,
725,17209,30.85154184,,0.4,1.30,,,
726,17240,30.86431064,,0.4,1.30,,,
727,17271,30.87706713,,0.4,1.30,,,
728,17302,30.88981133,,0.4,1.30,,,
729,17333,30.90254327,,0.4,1.30,,,
730,17364,30.91526299,,0.4,1.30,,,
731,17395,30.92797051,,0.4,1.30,,,
732,17426,30.94066585,,0.4,1.30,,,
733,17457,30.95334906,,0.4,1.30,,,
734,17487,30.96602014,,0.4,1.30,,,
735,17518,30.97867915,,0.4,1.30,,,
736,17549,30.99132609,,0.4,1.30,,,
737,17580,31.003961,,0.4,1.30,,,
738,17611,31.01658391,,0.4,1.30,,,
739,17642,31.02919484,,0.4,1.30,,,
740,17674,31.04179383,,0.4,1.30,,,
741,17705,31.0543809,,0.4,1.30,,,
742,17736,31.06695607,,0.4,1.30,,,
743,17767,31.07951937,,0.4,1.30,,,
744,17798,31.09207084,,0.4,1.30,,,
745,17829,31.1046105,,0.4,1.30,,,
746,17860,31.11713837,,0.4,1.30,,,
747,17891,31.12965449,,0.4,1.30,,,
748,17922,31.14215887,,0.4,1.30,,,
749,17953,31.15465155,,0.4,1.30,,,
750,17985,31.16713255,,0.4,1.30,,,
751,18016,31.1796019,,0.4,1.30,,,
752,18047,31.19205962,,0.4,1.30,,,
753,18078,31.20450575,,0.4,1.30,,,
754,18109,31.2169403,,0.4,1.30,,,
755,18141,31.22936331,,0.4,1.30,,,
756,18172,31.2417748,,0.4,1.30,,,
757,18203,31.25417479,,0.4,1.30,,,
758,18234,31.26656332,,0.4,1.30,,,
759,18266,31.2789404,,0.4,1.30,,,
760,18297,31.29130606,,0.4,1.30,,,
761,18328,31.30366033,,0.4,1.30,,,
762,18360,31.31600324,,0.4,1.30,,,
763,18391,31.32833481,,0.4,1.30,,,
764,18422,31.34065506,,0.4,1.30,,,
765,18454,31.35296402,,0.4,1.30,,,
766,18485,31.36526171,,0.4,1.30,,,
767,18516,31.37754816,,0.4,1.30,,,
768,18548,31.3898234,,0.4,1.30,,,
769,18579,31.40208745,,0.4,1.30,,,
770,18611,31.41434033,,0.4,1.30,,,
771,18642,31.42658207,,0.4,1.30,,,
772,18673,31.4388127,,0.4,1.30,,,
773,18705,31.45103223,,0.4,1.30,,,
774,18736,31.46324069,,0.4,1.30,,,
775,18768,31.47543811,,0.4,1.30,,,
776,18799,31.48762452,,0.4,1.30,,,
777,18831,31.49979992,,0.4,1.30,,,
778,18862,31.51196436,,0.4,1.30,,,
779,18894,31.52411785,,0.4,1.30,,,
780,18925,31.53626041,,0.4,1.30,,,
781,18957,31.54839208,,0.4,1.30,,,
782,18989,31.56051287,,0.4,1.30,,,
783,19020,31.57262281,,0.4,1.30,,,
784,19052,31.58472192,,0.4,1.30,,,
785,19083,31.59681023,,0.4,1.30,,,
786,19115,31.60888775,,0.4,1.30,,,
787,19146,31.62095452,,0.4,1.30,,,
788,19178,31.63301055,,0.4,1.30,,,
789,19210,31.64505587,,0.4,1.30,,,
790,19241,31.6570905,,0.4,1.30,,,
791,19273,31.66911447,,0.4,1.30,,,
792,19305,31.68112779,,0.4,1.30,,,
793,19336,31.69313049,,0.4,1.30,,,
794,19368,31.7051226,,0.4,1.30,,,
795,19400,31.71710413,,0.4,1.30,,,
796,19432,31.72907511,,0.4,1.30,,,
797,19463,31.74103556,,0.4,1.30,,,
798,19495,31.7529855,,0.4,1.30,,,
799,19527,31.76492496,,0.4,1.30,,,
800,19559,31.77685396,,0.4,1.30,,,
801,19590,31.78877252,,0.4,1.30,,,
802,19622,31.80068066,,0.4,1.30,,,
803,19654,31.8125784,,0.4,1.30,,,
804,19686,31.82446577,,0.4,1.30,,,
805,19718,31.83634279,,0.4,1.30,,,
806,19750,31.84820948,,0.4,1.30,,,
807,19781,31.86006586,,0.4,1.30,,,
808,19813,31.87191196,,0.4,1.30,,,
809,19845,31.88374779,,0.4,1.30,,,
810,19877,31.89557337,,0.4,1.30,,,
811,19909,31.90738874,,0.4,1.30,,,
812,19941,31.91919391,,0.4,1.30,,,
813,19973,31.93098889,,0.4,1.30,,,
814,20005,31.94277372,,0.4,1.30,,,
815,20037,31.95454842,,0.4,1.30,,,
816,20069,31.96631299,,0.4,1.30,,,
817,20101,31.97806748,,0.4,1.30,,,
818,20133,31.98981189,,0.4,1.30,,,
819,20165,32.00154625,,0.4,1.30,,,
820,20197,32.01327058,,0.4,1.30,,,
821,20229,32.02498489,,0.4,1.30,,,
822,20261,32.03668922,,0.4,1.30,,,
823,20293,32.04838358,,0.4,1.30,,,
824,20325,32.06006799,,0.4,1.30,,,
825,20357,32.07174247,,0.4,1.30,,,
826,20389,32.08340705,,0.4,1.30,,,
827,20421,32.09506174,,0.4,1.30,,,
828,20453,32.10670656,,0.4,1.30,,,
829,20485,32.11834153,,0.4,1.30,,,
830,20517,32.12996668,,0.4,1.30,,,
831,20550,32.14158202,,0.4,1.30,,,
832,20582,32.15318758,,0.4,1.30,,,
833,20614,32.16478337,,0.4,1.30,,,
834,20646,32.17636941,,0.4,1.30,,,
835,20678,32.18794573,,0.4,1.30,,,
836,20710,32.19951234,,0.4,1.30,,,
837,20743,32.21106927,,0.4,1.30,,,
838,20775,32.22261652,,0.4,1.30,,,
839,20807,32.23415413,,0.4,1.30,,,
840,20839,32.24568212,,0.4,1.30,,,
841,20872,32.25720049,,0.4,1.30,,,
842,20904,32.26870928,,0.4,1.30,,,
843,20936,32.28020849,,0.4,1.30,,,
844,20968,32.29169816,,0.4,1.30,,,
845,21001,32.30317829,,0.4,1.30,,,
846,21033,32.31464891,,0.4,1.30,,,
847,21065,32.32611004,,0.4,1.30,,,
848,21098,32.3375617,,0.4,1.30,,,
849,21130,32.3490039,,0.4,1.30,,,
850,21162,32.36043667,,0.4,1.30,,,
851,21195,32.37186001,,0.4,1.30,,,
852,21227,32.38327397,,0.4,1.30,,,
853,21260,32.39467854,,0.4,1.30,,,
854,21292,32.40607375,,0.4,1.30,,,
855,21324,32.41745962,,0.4,1.30,,,
856,21357,32.42883616,,0.4,1.30,,,
857,21389,32.4402034,,0.4,1.30,,,
858,21422,32.45156136,,0.4,1.30,,,
859,21454,32.46291004,,0.4,1.30,,,
860,21487,32.47424948,,0.4,1.30,,,
861,21519,32.48557968,,0.4,1.30,,,
862,21552,32.49690067,,0.4,1.30,,,
863,21584,32.50821247,,0.4,1.30,,,
864,21617,32.51951509,,0.4,1.30,,,
865,21649,32.53080855,,0.4,1.30,,,
866,21682,32.54209287,,0.4,1.30,,,
867,21714,32.55336807,,0.4,1.30,,,
868,21747,32.56463416,,0.4,1.30,,,
869,21779,32.57589117,,0.4,1.30,,,
870,21812,32.5871391,,0.4,1.30,,,
871,21845,32.59837799,,0.4,1.30,,,
872,21877,32.60960784,,0.4,1.30,,,
873,21910,32.62082867,,0.4,1.30,,,
874,21943,32.63204051,,0.4,1.30,,,
875,21975,32.64324336,,0.4,1.30,,,
876,22008,32.65443725,,0.4,1.30,,,
877,22041,32.66562219,,0.4,1.30,,,
878,22073,32.67679821,,0.4,1.30,,,
879,22106,32.68796531,,0.4,1.30,,,
880,22139,32.69912352,,0.4,1.30,,,
881,22171,32.71027285,,0.4,1.30,,,
882,22204,32.72141332,,0.4,1.30,,,
883,22237,32.73254495,,0.4,1.30,,,
884,22269,32.74366775,,0.4,1.30,,,
885,22302,32.75478174,,0.4,1.30,,,
886,22335,32.76588694,,0.4,1.30,,,
887,22368,32.77698337,,0.4,1.30,,,
888,22401,32.78807103,,0.4,1.30,,,
889,22433,32.79914996,,0.4,1.30,,,
890,22466,32.81022016,,0.4,1.30,,,
891,22499,32.82128165,,0.4,1.30,,,
892,22532,32.83233445,,0.4,1.30,,,
893,22565,32.84337857,,0.4,1.30,,,
894,22598,32.85441404,,0.4,1.30,,,
895,22630,32.86544086,,0.4,1.30,,,
896,22663,32.87645906,,0.4,1.30,,,
897,22696,32.88746864,,0.4,1.30,,,
898,22729,32.89846964,,0.4,1.30,,,
899,22762,32.90946206,,0.4,1.30,,,
900,22795,32.92044591,,0.4,1.30,,,
901,22828,32.93142123,,0.4,1.30,,,
902,22861,32.94238801,,0.4,1.30,,,
903,22894,32.95334628,,0.4,1.30,,,
904,22927,32.96429606,,0.4,1.30,,,
905,22960,32.97523736,,0.4,1.30,,,
906,22993,32.98617019,,0.4,1.30,,,
907,23026,32.99709457,,0.4,1.30,,,
908,23059,33.00801052,,0.4,1.30,,,
909,23092,33.01891806,,0.4,1.30,,,
910,23125,33.02981719,,0.4,1.30,,,
911,23158,33.04070794,,0.4,1.30,,,
912,23191,33.05159032,,0.4,1.30,,,
913,23224,33.06246434,,0.4,1.30,,,
914,23257,33.07333002,,0.4,1.30,,,
915,23290,33.08418739,,0.4,1.30,,,
916,23323,33.09503644,,0.4,1.30,,,
917,23356,33.1058772,,0.4,1.30,,,
918,23389,33.11670969,,0.4,1.30,,,
919,23422,33.12753392,,0.4,1.30,,,
920,23456,33.13834989,,0.4,1.30,,,
921,23489,33.14915764,,0.4,1.30,,,
922,23522,33.15995717,,0.4,1.30,,,
923,23555,33.1707485,,0.4,1.30,,,
924,23588,33.18153165,,0.4,1.30,,,
925,23621,33.19230663,,0.4,1.30,,,
926,23655,33.20307345,,0.4,1.30,,,
927,23688,33.21383213,,0.4,1.30,,,
928,23721,33.22458268,,0.4,1.30,,,
929,23754,33.23532512,,0.4,1.30,,,
930,23788,33.24605947,,0.4,1.30,,,
931,23821,33.25678574,,0.4,1.30,,,
932,23854,33.26750394,,0.4,1.30,,,
933,23887,33.27821409,,0.4,1.30,,,
934,23921,33.2889162,,0.4,1.30,,,
935,23954,33.29961029,,0.4,1.30,,,
936,23987,33.31029637,,0.4,1.30,,,
937,24021,33.32097446,,0.4,1.30,,,
938,24054,33.33164458,,0.4,1.30,,,
939,24087,33.34230672,,0.4,1.30,,,
940,24121,33.35296092,,0.4,1.30,,,
941,24154,33.36360718,,0.4,1.30,,,
942,24187,33.37424552,,0.4,1.30,,,
943,24221,33.38487596,,0.4,1.30,,,
944,24254,33.3954985,,0.4,1.30,,,
945,24288,33.40611317,,0.4,1.30,,,
946,24321,33.41671997,,0.4,1.30,,,
947,24354,33.42731892,,0.4,1.30,,,
948,24388,33.43791003,,0.4,1.30,,,
949,24421,33.44849333,,0.4,1.30,,,
950,24455,33.45906881,,0.4,1.30,,,
951,24488,33.4696365,,0.4,1.30,,,
952,24522,33.48019642,,0.4,1.30,,,
953,24555,33.49074856,,0.4,1.30,,,
954,24589,33.50129296,,0.4,1.30,,,
955,24622,33.51182961,,0.4,1.30,,,
956,24656,33.52235854,,0.4,1.30,,,
957,24689,33.53287976,,0.4,1.30,,,
958,24723,33.54339329,,0.4,1.30,,,
959,24756,33.55389913,,0.4,1.30,,,
960,24790,33.5643973,,0.4,1.30,,,
961,24823,33.57488782,,0.4,1.30,,,
962,24857,33.58537069,,0.4,1.30,,,
963,24891,33.59584593,,0.4,1.30,,,
964,24924,33.60631356,,0.4,1.30,,,
965,24958,33.61677358,,0.4,1.30,,,
966,24991,33.62722602,,0.4,1.30,,,
967,25025,33.63767088,,0.4,1.30,,,
968,25059,33.64810818,,0.4,1.30,,,
969,25092,33.65853793,,0.4,1.30,,,
970,25126,33.66896015,,0.4,1.30,,,
971,25160,33.67937484,,0.4,1.30,,,
972,25193,33.68978202,,0.4,1.30,,,
973,25227,33.70018171,,0.4,1.30,,,
974,25261,33.71057391,,0.4,1.30,,,
975,25295,33.72095865,,0.4,1.30,,,
976,25328,33.73133593,,0.4,1.30,,,
977,25362,33.74170576,,0.4,1.30,,,
978,25396,33.75206816,,0.4,1.30,,,
979,25430,33.76242315,,0.4,1.30,,,
980,25463,33.77277073,,0.4,1.30,,,
981,25497,33.78311091,,0.4,1.30,,,
982,25531,33.79344372,,0.4,1.30,,,
983,25565,33.80376916,,0.4,1.30,,,
984,25599,33.81408725,,0.4,1.30,,,
985,25632,33.824398,,0.4,1.30,,,
986,25666,33.83470141,,0.4,1.30,,,
987,25700,33.84499752,,0.4,1.30,,,
988,25734,33.85528631,,0.4,1.30,,,
989,25768,33.86556782,,0.4,1.30,,,
990,25802,33.87584205,,0.4,1.30,,,
991,25836,33.88610901,,0.4,1.30,,,
992,25869,33.89636872,,0.4,1.30,,,
993,25903,33.90662119,,0.4,1.30,,,
994,25937,33.91686644,,0.4,1.30,,,
995,25971,33.92710446,,0.4,1.30,,,
996,26005,33.93733528,,0.4,1.30,,,
997,26039,33.94755891,,0.4,1.30,,,
998,26073,33.95777536,,0.4,1.30,,,
999,26107,33.96798465,,0.4,1.30,,,
1000,26141,33.97818678,,0.4,1.30,,,
